[{"id":"1","location_id":"1","address_1":"200 Hygeia Drive","city":"Newark","region":"Mid-Atlantic Region","state_province":"DE","postal_code":"19713","country":"US"},{"id":"2","location_id":"2","address_1":"625 W. 12th Street","city":"Wilmington","region":"Mid-Atlantic Region","state_province":"DE","postal_code":"19801","country":"US"},{"id":"3","location_id":"3","address_1":"640 South State Street","city":"Dover","region":"Mid-Atlantic Region","state_province":"DE","postal_code":"19901","country":"US"},{"id":"4","location_id":"4","address_1":"424 Savannah Road","city":"Lewes","region":"Mid-Atlantic Region","state_province":"DE","postal_code":"19958","country":"US"},{"id":"5","location_id":"5","address_1":"701 N. Clayton St.","city":"Wilmington","region":"Mid-Atlantic Region","state_province":"DE","postal_code":"19805","country":"US"},{"id":"6","location_id":"6","address_1":"1600 Rockland Road","city":"Wilmington","region":"Mid-Atlantic Region","state_province":"DE","postal_code":"19803","country":"US"},{"id":"7","location_id":"7","address_1":"100 Rawlins Drive","city":"Seaford","region":"Mid-Atlantic Region","state_province":"DE","postal_code":"19973","country":"US"},{"id":"8","location_id":"8","address_1":"200 Hygeia Drive","city":"Newark","region":"Mid-Atlantic Region","state_province":"DE","postal_code":"19713","country":"US"},{"id":"9","location_id":"9","address_1":"625 W 12th St","city":"Wilmington","region":"Mid-Atlantic Region","state_province":"DE","postal_code":"19801","country":"US"}]