[{"id":"1","location_id":"1","address_1":"1280 E Stringham Ave","city":"Salt Lake City","region":"region","state_province":"UT","postal_code":"84106","country":"US"},{"id":"2","location_id":"2","address_1":"5126 W Daybreak Pkwy","city":"South Jordan","region":"region","state_province":"UT","postal_code":"84009","country":"US"},{"id":"3","location_id":"3","address_1":"165 N University Ave","city":"Farmington","region":"region","state_province":"UT","postal_code":"84025","country":"US"},{"id":"4","location_id":"4","address_1":"1525 2100 S","city":"Salt Lake City","region":"region","state_province":"UT","postal_code":"84119","country":"US"},{"id":"5","location_id":"5","address_1":"1743 Redstone Center Dr","city":"Park City","region":"region","state_province":"UT","postal_code":"84098","country":"US"},{"id":"6","location_id":"6","address_1":"9450 S 1300 E","city":"Sandy","region":"region","state_province":"UT","postal_code":"84094","country":"US"},{"id":"7","location_id":"7","address_1":"935 N 1000W","city":"Tremonton","region":"region","state_province":"UT","postal_code":"84337","country":"US"},{"id":"8","location_id":"8","address_1":"962 Sage Dr","city":"Cedar City","region":"region","state_province":"UT","postal_code":"84720","country":"US"},{"id":"9","location_id":"9","address_1":"181 E Medical Tower Dr","city":"Murray","region":"region","state_province":"UT","postal_code":"84107","country":"US"},{"id":"10","location_id":"10","address_1":"525 N Main St","city":"Ephraim","region":"region","state_province":"UT","postal_code":"84627","country":"US"},{"id":"11","location_id":"11","address_1":"700 S Highway 99","city":"Fillmore","region":"region","state_province":"UT","postal_code":"84631","country":"US"},{"id":"12","location_id":"12","address_1":"200 N 400 E","city":"Panguitch","region":"region","state_province":"UT","postal_code":"84759","country":"US"},{"id":"13","location_id":"13","address_1":"1485 S Highway 50 Ste G","city":"Heber","region":"region","state_province":"UT","postal_code":"84032","country":"US"},{"id":"14","location_id":"14","address_1":"2075 N University Park Blvd","city":"Layton","region":"region","state_province":"UT","postal_code":"84041","country":"US"},{"id":"15","location_id":"15","address_1":"3249 N 1200 W Ste A","city":"Lehi","region":"region","state_province":"UT","postal_code":"84043","country":"US"},{"id":"16","location_id":"16","address_1":"4088 N HWY 91","city":"Hyde Park","region":"region","state_province":"UT","postal_code":"84318","country":"US"},{"id":"17","location_id":"17","address_1":"2400 N Washington Blvd","city":"North Ogden","region":"region","state_province":"UT","postal_code":"84414","country":"US"},{"id":"18","location_id":"18","address_1":"600 Gillmor Way","city":"Park City","region":"region","state_province":"UT","postal_code":"84060","country":"US"},{"id":"19","location_id":"19","address_1":"577 S River Road","city":"St. George","region":"region","state_province":"UT","postal_code":"84790","country":"US"},{"id":"20","location_id":"20","address_1":"389 S 900 E","city":"Salt Lake City","region":"region","state_province":"UT","postal_code":"84102","country":"US"},{"id":"21","location_id":"21","address_1":"1000 N Main St Ste A","city":"Richfield","region":"region","state_province":"UT","postal_code":"84701","country":"US"},{"id":"22","location_id":"22","address_1":"3723 W 12600 S Ste 150","city":"Riverton","region":"region","state_province":"UT","postal_code":"84065","country":"US"},{"id":"23","location_id":"23","address_1":"762 W 400 S","city":"Springville","region":"region","state_province":"UT","postal_code":"84663","country":"US"},{"id":"24","location_id":"24","address_1":"3845 W 4700 S","city":"Taylorsville","region":"region","state_province":"UT","postal_code":"84129","country":"US"},{"id":"25","location_id":"25","address_1":"777 N Main St","city":"Tooele","region":"region","state_province":"UT","postal_code":"84074","country":"US"}]